<?xml version="1.0" encoding="UTF-8"?>

<hibernate-configuration>
 <session-factory>
  <property name="hibernate.connection.driver_class">com.mysql.cj.jdbc.Driver</property>
  <property name="hibernate.connection.password">anshika@123</property>
  <property name="hibernate.connection.url">jdbc:mysql://localhost:3306/anshidb</property>
  <property name="hibernate.connection.username">root</property>
  <property name="hibernate.dialect">org.hibernate.dialect.MySQL8Dialect</property>
  <property name="hibernate.hbm2ddl.auto">update</property>
  <mapping class="com.bean.Employee"/>
 </session-factory>
</hibernate-configuration>